breed,date,rank,
bassetHound,2019,11,
bassetHound,2018,11,
bassetHound,2017,11,
bassetHound,2016,11,
bassetHound,2015,11,
bassetHound,2014,11,
bassetHound,2013,11,
bassetHound,2012,11,
bassetHound,2011,11,
bassetHound,2010,11,
bassetHound,2009,11,
bassetHound,2008,11,
bassetHound,2007,11,
bassetHound,2006,11,
bassetHound,2005,11,
bassetHound,2004,11,
bassetHound,2003,11,
bassetHound,2002,11,
bassetHound,2001,11,
bassetHound,2000,11,
bassetHound,1999,11,
bassetHound,1998,11,
bassetHound,1997,11,
bassetHound,1996,11,
bassetHound,1995,11,
bassetHound,1994,11,
bassetHound,1993,11,
bassetHound,1992,11,
bassetHound,1991,11,
bassetHound,1990,11,
bassetHound,1989,11,
bassetHound,1988,11,
bassetHound,1987,11,
bassetHound,1986,11,
bassetHound,1985,11,
bassetHound,1984,11,
bassetHound,1983,11,
bassetHound,1982,11,
bassetHound,1981,11,
bassetHound,1980,11,
bassetHound,1979,11,
bassetHound,1978,11,
bassetHound,1977,11,
bassetHound,1976,11,
bassetHound,1975,11,
bassetHound,1974,11,
bassetHound,1973,11,
bassetHound,1972,11,
bassetHound,1971,11,
bassetHound,1970,11,
bassetHound,1969,11,
bassetHound,1968,11,
bassetHound,1967,10,
bassetHound,1966,10,
bassetHound,1965,11,
bassetHound,1964,10,
bassetHound,1963,11,
bassetHound,1962,11,
bassetHound,1961,11,
bassetHound,1960,11,
bassetHound,1959,11,
bassetHound,1958,11,
bassetHound,1957,11,
bassetHound,1956,11,
bassetHound,1955,11,
bassetHound,1954,11,
bassetHound,1953,11,
bassetHound,1952,11,
bassetHound,1951,11,
bassetHound,1950,11,
bassetHound,1949,11,
bassetHound,1948,11,
bassetHound,1947,11,
bassetHound,1946,11,
beagle,2019,7,
beagle,2018,6,
beagle,2017,6,
beagle,2016,5,
beagle,2015,5,
beagle,2014,5,
beagle,2013,4,
beagle,2012,3,
beagle,2011,3,
beagle,2010,4,
beagle,2009,5,
beagle,2008,5,
beagle,2007,5,
beagle,2006,5,
beagle,2005,5,
beagle,2004,4,
beagle,2003,3,
beagle,2002,4,
beagle,2001,5,
beagle,2000,5,
beagle,1999,5,
beagle,1998,6,
beagle,1997,6,
beagle,1996,5,
beagle,1995,5,
beagle,1994,7,
beagle,1993,7,
beagle,1992,7,
beagle,1991,7,
beagle,1990,9,
beagle,1989,9,
beagle,1988,8,
beagle,1987,7,
beagle,1986,7,
beagle,1985,7,
beagle,1984,7,
beagle,1983,7,
beagle,1982,8,
beagle,1981,8,
beagle,1980,7,
beagle,1979,7,
beagle,1978,6,
beagle,1977,7,
beagle,1976,6,
beagle,1975,5,
beagle,1974,4,
beagle,1973,4,
beagle,1972,3,
beagle,1971,3,
beagle,1970,4,
beagle,1969,4,
beagle,1968,4,
beagle,1967,3,
beagle,1966,3,
beagle,1965,3,
beagle,1964,3,
beagle,1963,3,
beagle,1962,2,
beagle,1961,2,
beagle,1960,2,
beagle,1959,1,
beagle,1958,1,
beagle,1957,1,
beagle,1956,1,
beagle,1955,1,
beagle,1954,1,
beagle,1953,1,
beagle,1952,2,
beagle,1951,2,
beagle,1950,2,
beagle,1949,2,
beagle,1948,2,
beagle,1947,2,
beagle,1946,2,
bostonTerrier,2019,11,
bostonTerrier,2018,11,
bostonTerrier,2017,11,
bostonTerrier,2016,11,
bostonTerrier,2015,11,
bostonTerrier,2014,11,
bostonTerrier,2013,11,
bostonTerrier,2012,11,
bostonTerrier,2011,11,
bostonTerrier,2010,11,
bostonTerrier,2009,11,
bostonTerrier,2008,11,
bostonTerrier,2007,11,
bostonTerrier,2006,11,
bostonTerrier,2005,11,
bostonTerrier,2004,11,
bostonTerrier,2003,11,
bostonTerrier,2002,11,
bostonTerrier,2001,11,
bostonTerrier,2000,11,
bostonTerrier,1999,11,
bostonTerrier,1998,11,
bostonTerrier,1997,11,
bostonTerrier,1996,11,
bostonTerrier,1995,11,
bostonTerrier,1994,11,
bostonTerrier,1993,11,
bostonTerrier,1992,11,
bostonTerrier,1991,11,
bostonTerrier,1990,11,
bostonTerrier,1989,11,
bostonTerrier,1988,11,
bostonTerrier,1987,11,
bostonTerrier,1986,11,
bostonTerrier,1985,11,
bostonTerrier,1984,11,
bostonTerrier,1983,11,
bostonTerrier,1982,11,
bostonTerrier,1981,11,
bostonTerrier,1980,11,
bostonTerrier,1979,11,
bostonTerrier,1978,11,
bostonTerrier,1977,11,
bostonTerrier,1976,11,
bostonTerrier,1975,11,
bostonTerrier,1974,11,
bostonTerrier,1973,11,
bostonTerrier,1972,11,
bostonTerrier,1971,11,
bostonTerrier,1970,11,
bostonTerrier,1969,11,
bostonTerrier,1968,11,
bostonTerrier,1967,11,
bostonTerrier,1966,11,
bostonTerrier,1965,11,
bostonTerrier,1964,11,
bostonTerrier,1963,10,
bostonTerrier,1962,10,
bostonTerrier,1961,11,
bostonTerrier,1960,10,
bostonTerrier,1959,10,
bostonTerrier,1958,10,
bostonTerrier,1957,10,
bostonTerrier,1956,9,
bostonTerrier,1955,9,
bostonTerrier,1954,8,
bostonTerrier,1953,8,
bostonTerrier,1952,7,
bostonTerrier,1951,6,
bostonTerrier,1950,6,
bostonTerrier,1949,5,
bostonTerrier,1948,5,
bostonTerrier,1947,4,
bostonTerrier,1946,3,
boxer,2019,11,
boxer,2018,10,
boxer,2017,11,
boxer,2016,10,
boxer,2015,10,
boxer,2014,8,
boxer,2013,7,
boxer,2012,7,
boxer,2011,7,
boxer,2010,7,
boxer,2009,6,
boxer,2008,6,
boxer,2007,6,
boxer,2006,7,
boxer,2005,7,
boxer,2004,7,
boxer,2003,7,
boxer,2002,7,
boxer,2001,8,
boxer,2000,9,
boxer,1999,10,
boxer,1998,11,
boxer,1997,11,
boxer,1996,11,
boxer,1995,11,
boxer,1994,11,
boxer,1993,11,
boxer,1992,11,
boxer,1991,11,
boxer,1990,11,
boxer,1989,11,
boxer,1988,11,
boxer,1987,11,
boxer,1986,11,
boxer,1985,11,
boxer,1984,11,
boxer,1983,11,
boxer,1982,11,
boxer,1981,11,
boxer,1980,11,
boxer,1979,11,
boxer,1978,11,
boxer,1977,11,
boxer,1976,11,
boxer,1975,11,
boxer,1974,11,
boxer,1973,11,
boxer,1972,11,
boxer,1971,11,
boxer,1970,11,
boxer,1969,11,
boxer,1968,11,
boxer,1967,11,
boxer,1966,11,
boxer,1965,11,
boxer,1964,11,
boxer,1963,11,
boxer,1962,11,
boxer,1961,10,
boxer,1960,9,
boxer,1959,7,
boxer,1958,6,
boxer,1957,4,
boxer,1956,2,
boxer,1955,2,
boxer,1954,2,
boxer,1953,3,
boxer,1952,3,
boxer,1951,3,
boxer,1950,3,
boxer,1949,4,
boxer,1948,4,
boxer,1947,5,
boxer,1946,5,
bulldog,2019,5,
bulldog,2018,5,
bulldog,2017,5,
bulldog,2016,4,
bulldog,2015,4,
bulldog,2014,4,
bulldog,2013,5,
bulldog,2012,6,
bulldog,2011,6,
bulldog,2010,6,
bulldog,2009,7,
bulldog,2008,8,
bulldog,2007,10,
bulldog,2006,11,
bulldog,2005,11,
bulldog,2004,11,
bulldog,2003,11,
bulldog,2002,11,
bulldog,2001,11,
bulldog,2000,11,
bulldog,1999,11,
bulldog,1998,11,
bulldog,1997,11,
bulldog,1996,11,
bulldog,1995,11,
bulldog,1994,11,
bulldog,1993,11,
bulldog,1992,11,
bulldog,1991,11,
bulldog,1990,11,
bulldog,1989,11,
bulldog,1988,11,
bulldog,1987,11,
bulldog,1986,11,
bulldog,1985,11,
bulldog,1984,11,
bulldog,1983,11,
bulldog,1982,11,
bulldog,1981,11,
bulldog,1980,11,
bulldog,1979,11,
bulldog,1978,11,
bulldog,1977,11,
bulldog,1976,11,
bulldog,1975,11,
bulldog,1974,11,
bulldog,1973,11,
bulldog,1972,11,
bulldog,1971,11,
bulldog,1970,11,
bulldog,1969,11,
bulldog,1968,11,
bulldog,1967,11,
bulldog,1966,11,
bulldog,1965,11,
bulldog,1964,11,
bulldog,1963,11,
bulldog,1962,11,
bulldog,1961,11,
bulldog,1960,11,
bulldog,1959,11,
bulldog,1958,11,
bulldog,1957,11,
bulldog,1956,11,
bulldog,1955,11,
bulldog,1954,11,
bulldog,1953,11,
bulldog,1952,11,
bulldog,1951,11,
bulldog,1950,11,
bulldog,1949,11,
bulldog,1948,11,
bulldog,1947,11,
bulldog,1946,11,
chihuahua,2019,11,
chihuahua,2018,11,
chihuahua,2017,11,
chihuahua,2016,11,
chihuahua,2015,11,
chihuahua,2014,11,
chihuahua,2013,11,
chihuahua,2012,11,
chihuahua,2011,11,
chihuahua,2010,11,
chihuahua,2009,11,
chihuahua,2008,11,
chihuahua,2007,11,
chihuahua,2006,11,
chihuahua,2005,11,
chihuahua,2004,10,
chihuahua,2003,10,
chihuahua,2002,9,
chihuahua,2001,9,
chihuahua,2000,8,
chihuahua,1999,7,
chihuahua,1998,8,
chihuahua,1997,11,
chihuahua,1996,11,
chihuahua,1995,11,
chihuahua,1994,11,
chihuahua,1993,11,
chihuahua,1992,11,
chihuahua,1991,11,
chihuahua,1990,11,
chihuahua,1989,11,
chihuahua,1988,11,
chihuahua,1987,11,
chihuahua,1986,11,
chihuahua,1985,11,
chihuahua,1984,11,
chihuahua,1983,11,
chihuahua,1982,11,
chihuahua,1981,11,
chihuahua,1980,11,
chihuahua,1979,11,
chihuahua,1978,11,
chihuahua,1977,11,
chihuahua,1976,11,
chihuahua,1975,11,
chihuahua,1974,11,
chihuahua,1973,11,
chihuahua,1972,11,
chihuahua,1971,11,
chihuahua,1970,6,
chihuahua,1969,6,
chihuahua,1968,5,
chihuahua,1967,5,
chihuahua,1966,5,
chihuahua,1965,5,
chihuahua,1964,5,
chihuahua,1963,5,
chihuahua,1962,3,
chihuahua,1961,4,
chihuahua,1960,3,
chihuahua,1959,3,
chihuahua,1958,2,
chihuahua,1957,2,
chihuahua,1956,3,
chihuahua,1955,4,
chihuahua,1954,5,
chihuahua,1953,6,
chihuahua,1952,6,
chihuahua,1951,7,
chihuahua,1950,7,
chihuahua,1949,8,
chihuahua,1948,9,
chihuahua,1947,11,
chihuahua,1946,11,
chowChow,2019,11,
chowChow,2018,11,
chowChow,2017,11,
chowChow,2016,11,
chowChow,2015,11,
chowChow,2014,11,
chowChow,2013,11,
chowChow,2012,11,
chowChow,2011,11,
chowChow,2010,11,
chowChow,2009,11,
chowChow,2008,11,
chowChow,2007,11,
chowChow,2006,11,
chowChow,2005,11,
chowChow,2004,11,
chowChow,2003,11,
chowChow,2002,11,
chowChow,2001,11,
chowChow,2000,11,
chowChow,1999,11,
chowChow,1998,11,
chowChow,1997,11,
chowChow,1996,11,
chowChow,1995,11,
chowChow,1994,11,
chowChow,1993,11,
chowChow,1992,10,
chowChow,1991,9,
chowChow,1990,7,
chowChow,1989,7,
chowChow,1988,6,
chowChow,1987,6,
chowChow,1986,6,
chowChow,1985,8,
chowChow,1984,11,
chowChow,1983,11,
chowChow,1982,11,
chowChow,1981,11,
chowChow,1980,11,
chowChow,1979,11,
chowChow,1978,11,
chowChow,1977,11,
chowChow,1976,11,
chowChow,1975,11,
chowChow,1974,11,
chowChow,1973,11,
chowChow,1972,11,
chowChow,1971,11,
chowChow,1970,11,
chowChow,1969,11,
chowChow,1968,11,
chowChow,1967,11,
chowChow,1966,11,
chowChow,1965,10,
chowChow,1964,9,
chowChow,1963,9,
chowChow,1962,9,
chowChow,1961,9,
chowChow,1960,11,
chowChow,1959,11,
chowChow,1958,11,
chowChow,1957,11,
chowChow,1956,11,
chowChow,1955,11,
chowChow,1954,11,
chowChow,1953,11,
chowChow,1952,10,
chowChow,1951,10,
chowChow,1950,10,
chowChow,1949,10,
chowChow,1948,11,
chowChow,1947,10,
chowChow,1946,10,
cockerSpaniel,2019,11,
cockerSpaniel,2018,11,
cockerSpaniel,2017,11,
cockerSpaniel,2016,11,
cockerSpaniel,2015,11,
cockerSpaniel,2014,11,
cockerSpaniel,2013,11,
cockerSpaniel,2012,11,
cockerSpaniel,2011,11,
cockerSpaniel,2010,11,
cockerSpaniel,2009,11,
cockerSpaniel,2008,11,
cockerSpaniel,2007,11,
cockerSpaniel,2006,11,
cockerSpaniel,2005,11,
cockerSpaniel,2004,11,
cockerSpaniel,2003,11,
cockerSpaniel,2002,11,
cockerSpaniel,2001,11,
cockerSpaniel,2000,11,
cockerSpaniel,1999,11,
cockerSpaniel,1998,11,
cockerSpaniel,1997,8,
cockerSpaniel,1996,8,
cockerSpaniel,1995,7,
cockerSpaniel,1994,6,
cockerSpaniel,1993,4,
cockerSpaniel,1992,3,
cockerSpaniel,1991,2,
cockerSpaniel,1990,1,
cockerSpaniel,1989,1,
cockerSpaniel,1988,1,
cockerSpaniel,1987,1,
cockerSpaniel,1986,1,
cockerSpaniel,1985,1,
cockerSpaniel,1984,1,
cockerSpaniel,1983,1,
cockerSpaniel,1982,2,
cockerSpaniel,1981,2,
cockerSpaniel,1980,3,
cockerSpaniel,1979,3,
cockerSpaniel,1978,4,
cockerSpaniel,1977,4,
cockerSpaniel,1976,5,
cockerSpaniel,1975,7,
cockerSpaniel,1974,9,
cockerSpaniel,1973,10,
cockerSpaniel,1972,11,
cockerSpaniel,1971,11,
cockerSpaniel,1970,11,
cockerSpaniel,1969,10,
cockerSpaniel,1968,10,
cockerSpaniel,1967,9,
cockerSpaniel,1966,9,
cockerSpaniel,1965,9,
cockerSpaniel,1964,8,
cockerSpaniel,1963,8,
cockerSpaniel,1962,8,
cockerSpaniel,1961,8,
cockerSpaniel,1960,7,
cockerSpaniel,1959,6,
cockerSpaniel,1958,7,
cockerSpaniel,1957,7,
cockerSpaniel,1956,5,
cockerSpaniel,1955,3,
cockerSpaniel,1954,3,
cockerSpaniel,1953,2,
cockerSpaniel,1952,1,
cockerSpaniel,1951,1,
cockerSpaniel,1950,1,
cockerSpaniel,1949,1,
cockerSpaniel,1948,1,
cockerSpaniel,1947,1,
cockerSpaniel,1946,1,
collie,2019,11,
collie,2018,11,
collie,2017,11,
collie,2016,11,
collie,2015,11,
collie,2014,11,
collie,2013,11,
collie,2012,11,
collie,2011,11,
collie,2010,11,
collie,2009,11,
collie,2008,11,
collie,2007,11,
collie,2006,11,
collie,2005,11,
collie,2004,11,
collie,2003,11,
collie,2002,11,
collie,2001,11,
collie,2000,11,
collie,1999,11,
collie,1998,11,
collie,1997,11,
collie,1996,11,
collie,1995,11,
collie,1994,11,
collie,1993,11,
collie,1992,11,
collie,1991,11,
collie,1990,11,
collie,1989,11,
collie,1988,11,
collie,1987,11,
collie,1986,11,
collie,1985,11,
collie,1984,11,
collie,1983,11,
collie,1982,11,
collie,1981,11,
collie,1980,11,
collie,1979,11,
collie,1978,11,
collie,1977,11,
collie,1976,11,
collie,1975,10,
collie,1974,11,
collie,1973,11,
collie,1972,9,
collie,1971,9,
collie,1970,9,
collie,1969,8,
collie,1968,8,
collie,1967,8,
collie,1966,7,
collie,1965,7,
collie,1964,7,
collie,1963,7,
collie,1962,7,
collie,1961,7,
collie,1960,8,
collie,1959,9,
collie,1958,8,
collie,1957,8,
collie,1956,8,
collie,1955,7,
collie,1954,6,
collie,1953,5,
collie,1952,4,
collie,1951,4,
collie,1950,4,
collie,1949,3,
collie,1948,3,
collie,1947,3,
collie,1946,4,
dachshund,2019,11,
dachshund,2018,11,
dachshund,2017,11,
dachshund,2016,11,
dachshund,2015,11,
dachshund,2014,11,
dachshund,2013,10,
dachshund,2012,9,
dachshund,2011,9,
dachshund,2010,8,
dachshund,2009,8,
dachshund,2008,7,
dachshund,2007,7,
dachshund,2006,6,
dachshund,2005,6,
dachshund,2004,6,
dachshund,2003,5,
dachshund,2002,5,
dachshund,2001,4,
dachshund,2000,4,
dachshund,1999,4,
dachshund,1998,5,
dachshund,1997,7,
dachshund,1996,7,
dachshund,1995,8,
dachshund,1994,8,
dachshund,1993,8,
dachshund,1992,8,
dachshund,1991,8,
dachshund,1990,8,
dachshund,1989,8,
dachshund,1988,9,
dachshund,1987,9,
dachshund,1986,9,
dachshund,1985,9,
dachshund,1984,10,
dachshund,1983,9,
dachshund,1982,9,
dachshund,1981,9,
dachshund,1980,9,
dachshund,1979,8,
dachshund,1978,8,
dachshund,1977,8,
dachshund,1976,8,
dachshund,1975,6,
dachshund,1974,5,
dachshund,1973,5,
dachshund,1972,4,
dachshund,1971,4,
dachshund,1970,3,
dachshund,1969,3,
dachshund,1968,3,
dachshund,1967,4,
dachshund,1966,4,
dachshund,1965,4,
dachshund,1964,4,
dachshund,1963,4,
dachshund,1962,5,
dachshund,1961,3,
dachshund,1960,4,
dachshund,1959,4,
dachshund,1958,4,
dachshund,1957,3,
dachshund,1956,4,
dachshund,1955,5,
dachshund,1954,4,
dachshund,1953,4,
dachshund,1952,5,
dachshund,1951,5,
dachshund,1950,5,
dachshund,1949,6,
dachshund,1948,6,
dachshund,1947,6,
dachshund,1946,6,
dalmation,2019,11,
dalmation,2018,11,
dalmation,2017,11,
dalmation,2016,11,
dalmation,2015,11,
dalmation,2014,11,
dalmation,2013,11,
dalmation,2012,11,
dalmation,2011,11,
dalmation,2010,11,
dalmation,2009,11,
dalmation,2008,11,
dalmation,2007,11,
dalmation,2006,11,
dalmation,2005,11,
dalmation,2004,11,
dalmation,2003,11,
dalmation,2002,11,
dalmation,2001,11,
dalmation,2000,11,
dalmation,1999,11,
dalmation,1998,11,
dalmation,1997,11,
dalmation,1996,11,
dalmation,1995,11,
dalmation,1994,9,
dalmation,1993,9,
dalmation,1992,11,
dalmation,1991,11,
dalmation,1990,11,
dalmation,1989,11,
dalmation,1988,11,
dalmation,1987,11,
dalmation,1986,11,
dalmation,1985,11,
dalmation,1984,11,
dalmation,1983,11,
dalmation,1982,11,
dalmation,1981,11,
dalmation,1980,11,
dalmation,1979,11,
dalmation,1978,11,
dalmation,1977,11,
dalmation,1976,11,
dalmation,1975,11,
dalmation,1974,11,
dalmation,1973,11,
dalmation,1972,11,
dalmation,1971,11,
dalmation,1970,11,
dalmation,1969,11,
dalmation,1968,11,
dalmation,1967,11,
dalmation,1966,11,
dalmation,1965,11,
dalmation,1964,11,
dalmation,1963,11,
dalmation,1962,11,
dalmation,1961,11,
dalmation,1960,11,
dalmation,1959,11,
dalmation,1958,11,
dalmation,1957,11,
dalmation,1956,11,
dalmation,1955,11,
dalmation,1954,11,
dalmation,1953,11,
dalmation,1952,11,
dalmation,1951,11,
dalmation,1950,11,
dalmation,1949,11,
dalmation,1948,11,
dalmation,1947,11,
dalmation,1946,11,
dobermanPinscher,2019,11,
dobermanPinscher,2018,11,
dobermanPinscher,2017,11,
dobermanPinscher,2016,11,
dobermanPinscher,2015,11,
dobermanPinscher,2014,11,
dobermanPinscher,2013,11,
dobermanPinscher,2012,11,
dobermanPinscher,2011,11,
dobermanPinscher,2010,11,
dobermanPinscher,2009,11,
dobermanPinscher,2008,11,
dobermanPinscher,2007,11,
dobermanPinscher,2006,11,
dobermanPinscher,2005,11,
dobermanPinscher,2004,11,
dobermanPinscher,2003,11,
dobermanPinscher,2002,11,
dobermanPinscher,2001,11,
dobermanPinscher,2000,11,
dobermanPinscher,1999,11,
dobermanPinscher,1998,11,
dobermanPinscher,1997,11,
dobermanPinscher,1996,11,
dobermanPinscher,1995,11,
dobermanPinscher,1994,11,
dobermanPinscher,1993,11,
dobermanPinscher,1992,11,
dobermanPinscher,1991,11,
dobermanPinscher,1990,11,
dobermanPinscher,1989,11,
dobermanPinscher,1988,11,
dobermanPinscher,1987,11,
dobermanPinscher,1986,11,
dobermanPinscher,1985,6,
dobermanPinscher,1984,6,
dobermanPinscher,1983,4,
dobermanPinscher,1982,3,
dobermanPinscher,1981,3,
dobermanPinscher,1980,2,
dobermanPinscher,1979,2,
dobermanPinscher,1978,2,
dobermanPinscher,1977,2,
dobermanPinscher,1976,3,
dobermanPinscher,1975,4,
dobermanPinscher,1974,6,
dobermanPinscher,1973,8,
dobermanPinscher,1972,10,
dobermanPinscher,1971,11,
dobermanPinscher,1970,11,
dobermanPinscher,1969,11,
dobermanPinscher,1968,11,
dobermanPinscher,1967,11,
dobermanPinscher,1966,11,
dobermanPinscher,1965,11,
dobermanPinscher,1964,11,
dobermanPinscher,1963,11,
dobermanPinscher,1962,11,
dobermanPinscher,1961,11,
dobermanPinscher,1960,11,
dobermanPinscher,1959,11,
dobermanPinscher,1958,11,
dobermanPinscher,1957,11,
dobermanPinscher,1956,11,
dobermanPinscher,1955,11,
dobermanPinscher,1954,11,
dobermanPinscher,1953,11,
dobermanPinscher,1952,11,
dobermanPinscher,1951,11,
dobermanPinscher,1950,11,
dobermanPinscher,1949,11,
dobermanPinscher,1948,11,
dobermanPinscher,1947,11,
dobermanPinscher,1946,11,
englishSpringerSpaniel,2019,11,
englishSpringerSpaniel,2018,11,
englishSpringerSpaniel,2017,11,
englishSpringerSpaniel,2016,11,
englishSpringerSpaniel,2015,11,
englishSpringerSpaniel,2014,11,
englishSpringerSpaniel,2013,11,
englishSpringerSpaniel,2012,11,
englishSpringerSpaniel,2011,11,
englishSpringerSpaniel,2010,11,
englishSpringerSpaniel,2009,11,
englishSpringerSpaniel,2008,11,
englishSpringerSpaniel,2007,11,
englishSpringerSpaniel,2006,11,
englishSpringerSpaniel,2005,11,
englishSpringerSpaniel,2004,11,
englishSpringerSpaniel,2003,11,
englishSpringerSpaniel,2002,11,
englishSpringerSpaniel,2001,11,
englishSpringerSpaniel,2000,11,
englishSpringerSpaniel,1999,11,
englishSpringerSpaniel,1998,11,
englishSpringerSpaniel,1997,11,
englishSpringerSpaniel,1996,11,
englishSpringerSpaniel,1995,11,
englishSpringerSpaniel,1994,11,
englishSpringerSpaniel,1993,11,
englishSpringerSpaniel,1992,11,
englishSpringerSpaniel,1991,11,
englishSpringerSpaniel,1990,11,
englishSpringerSpaniel,1989,11,
englishSpringerSpaniel,1988,11,
englishSpringerSpaniel,1987,11,
englishSpringerSpaniel,1986,11,
englishSpringerSpaniel,1985,11,
englishSpringerSpaniel,1984,11,
englishSpringerSpaniel,1983,11,
englishSpringerSpaniel,1982,11,
englishSpringerSpaniel,1981,11,
englishSpringerSpaniel,1980,11,
englishSpringerSpaniel,1979,11,
englishSpringerSpaniel,1978,11,
englishSpringerSpaniel,1977,11,
englishSpringerSpaniel,1976,11,
englishSpringerSpaniel,1975,11,
englishSpringerSpaniel,1974,11,
englishSpringerSpaniel,1973,11,
englishSpringerSpaniel,1972,11,
englishSpringerSpaniel,1971,11,
englishSpringerSpaniel,1970,11,
englishSpringerSpaniel,1969,11,
englishSpringerSpaniel,1968,11,
englishSpringerSpaniel,1967,11,
englishSpringerSpaniel,1966,11,
englishSpringerSpaniel,1965,11,
englishSpringerSpaniel,1964,11,
englishSpringerSpaniel,1963,11,
englishSpringerSpaniel,1962,11,
englishSpringerSpaniel,1961,11,
englishSpringerSpaniel,1960,11,
englishSpringerSpaniel,1959,11,
englishSpringerSpaniel,1958,11,
englishSpringerSpaniel,1957,11,
englishSpringerSpaniel,1956,11,
englishSpringerSpaniel,1955,11,
englishSpringerSpaniel,1954,11,
englishSpringerSpaniel,1953,11,
englishSpringerSpaniel,1952,11,
englishSpringerSpaniel,1951,11,
englishSpringerSpaniel,1950,11,
englishSpringerSpaniel,1949,11,
englishSpringerSpaniel,1948,8,
englishSpringerSpaniel,1947,8,
englishSpringerSpaniel,1946,8,
frenchBulldog,2019,4,
frenchBulldog,2018,4,
frenchBulldog,2017,4,
frenchBulldog,2016,6,
frenchBulldog,2015,6,
frenchBulldog,2014,9,
frenchBulldog,2013,11,
frenchBulldog,2012,11,
frenchBulldog,2011,11,
frenchBulldog,2010,11,
frenchBulldog,2009,11,
frenchBulldog,2008,11,
frenchBulldog,2007,11,
frenchBulldog,2006,11,
frenchBulldog,2005,11,
frenchBulldog,2004,11,
frenchBulldog,2003,11,
frenchBulldog,2002,11,
frenchBulldog,2001,11,
frenchBulldog,2000,11,
frenchBulldog,1999,11,
frenchBulldog,1998,11,
frenchBulldog,1997,11,
frenchBulldog,1996,11,
frenchBulldog,1995,11,
frenchBulldog,1994,11,
frenchBulldog,1993,11,
frenchBulldog,1992,11,
frenchBulldog,1991,11,
frenchBulldog,1990,11,
frenchBulldog,1989,11,
frenchBulldog,1988,11,
frenchBulldog,1987,11,
frenchBulldog,1986,11,
frenchBulldog,1985,11,
frenchBulldog,1984,11,
frenchBulldog,1983,11,
frenchBulldog,1982,11,
frenchBulldog,1981,11,
frenchBulldog,1980,11,
frenchBulldog,1979,11,
frenchBulldog,1978,11,
frenchBulldog,1977,11,
frenchBulldog,1976,11,
frenchBulldog,1975,11,
frenchBulldog,1974,11,
frenchBulldog,1973,11,
frenchBulldog,1972,11,
frenchBulldog,1971,11,
frenchBulldog,1970,11,
frenchBulldog,1969,11,
frenchBulldog,1968,11,
frenchBulldog,1967,11,
frenchBulldog,1966,11,
frenchBulldog,1965,11,
frenchBulldog,1964,11,
frenchBulldog,1963,11,
frenchBulldog,1962,11,
frenchBulldog,1961,11,
frenchBulldog,1960,11,
frenchBulldog,1959,11,
frenchBulldog,1958,11,
frenchBulldog,1957,11,
frenchBulldog,1956,11,
frenchBulldog,1955,11,
frenchBulldog,1954,11,
frenchBulldog,1953,11,
frenchBulldog,1952,11,
frenchBulldog,1951,11,
frenchBulldog,1950,11,
frenchBulldog,1949,11,
frenchBulldog,1948,11,
frenchBulldog,1947,11,
frenchBulldog,1946,11,
germanShepherd,2019,2,
germanShepherd,2018,2,
germanShepherd,2017,2,
germanShepherd,2016,2,
germanShepherd,2015,2,
germanShepherd,2014,2,
germanShepherd,2013,2,
germanShepherd,2012,2,
germanShepherd,2011,2,
germanShepherd,2010,2,
germanShepherd,2009,2,
germanShepherd,2008,3,
germanShepherd,2007,3,
germanShepherd,2006,3,
germanShepherd,2005,4,
germanShepherd,2004,3,
germanShepherd,2003,4,
germanShepherd,2002,3,
germanShepherd,2001,3,
germanShepherd,2000,3,
germanShepherd,1999,3,
germanShepherd,1998,3,
germanShepherd,1997,3,
germanShepherd,1996,3,
germanShepherd,1995,3,
germanShepherd,1994,3,
germanShepherd,1993,3,
germanShepherd,1992,4,
germanShepherd,1991,5,
germanShepherd,1990,6,
germanShepherd,1989,5,
germanShepherd,1988,5,
germanShepherd,1987,5,
germanShepherd,1986,5,
germanShepherd,1985,4,
germanShepherd,1984,4,
germanShepherd,1983,5,
germanShepherd,1982,5,
germanShepherd,1981,4,
germanShepherd,1980,4,
germanShepherd,1979,4,
germanShepherd,1978,3,
germanShepherd,1977,3,
germanShepherd,1976,2,
germanShepherd,1975,2,
germanShepherd,1974,2,
germanShepherd,1973,2,
germanShepherd,1972,2,
germanShepherd,1971,2,
germanShepherd,1970,2,
germanShepherd,1969,2,
germanShepherd,1968,2,
germanShepherd,1967,2,
germanShepherd,1966,2,
germanShepherd,1965,2,
germanShepherd,1964,2,
germanShepherd,1963,2,
germanShepherd,1962,4,
germanShepherd,1961,5,
germanShepherd,1960,5,
germanShepherd,1959,5,
germanShepherd,1958,5,
germanShepherd,1957,6,
germanShepherd,1956,6,
germanShepherd,1955,6,
germanShepherd,1954,7,
germanShepherd,1953,7,
germanShepherd,1952,8,
germanShepherd,1951,8,
germanShepherd,1950,9,
germanShepherd,1949,9,
germanShepherd,1948,10,
germanShepherd,1947,11,
germanShepherd,1946,11,
germanShorthairedPinscher,2019,9,
germanShorthairedPinscher,2018,8,
germanShorthairedPinscher,2017,10,
germanShorthairedPinscher,2016,11,
germanShorthairedPinscher,2015,11,
germanShorthairedPinscher,2014,11,
germanShorthairedPinscher,2013,11,
germanShorthairedPinscher,2012,11,
germanShorthairedPinscher,2011,11,
germanShorthairedPinscher,2010,11,
germanShorthairedPinscher,2009,11,
germanShorthairedPinscher,2008,11,
germanShorthairedPinscher,2007,11,
germanShorthairedPinscher,2006,11,
germanShorthairedPinscher,2005,11,
germanShorthairedPinscher,2004,11,
germanShorthairedPinscher,2003,11,
germanShorthairedPinscher,2002,11,
germanShorthairedPinscher,2001,11,
germanShorthairedPinscher,2000,11,
germanShorthairedPinscher,1999,11,
germanShorthairedPinscher,1998,11,
germanShorthairedPinscher,1997,11,
germanShorthairedPinscher,1996,11,
germanShorthairedPinscher,1995,11,
germanShorthairedPinscher,1994,11,
germanShorthairedPinscher,1993,11,
germanShorthairedPinscher,1992,11,
germanShorthairedPinscher,1991,11,
germanShorthairedPinscher,1990,11,
germanShorthairedPinscher,1989,11,
germanShorthairedPinscher,1988,11,
germanShorthairedPinscher,1987,11,
germanShorthairedPinscher,1986,11,
germanShorthairedPinscher,1985,11,
germanShorthairedPinscher,1984,11,
germanShorthairedPinscher,1983,11,
germanShorthairedPinscher,1982,11,
germanShorthairedPinscher,1981,11,
germanShorthairedPinscher,1980,11,
germanShorthairedPinscher,1979,11,
germanShorthairedPinscher,1978,11,
germanShorthairedPinscher,1977,11,
germanShorthairedPinscher,1976,11,
germanShorthairedPinscher,1975,11,
germanShorthairedPinscher,1974,11,
germanShorthairedPinscher,1973,11,
germanShorthairedPinscher,1972,11,
germanShorthairedPinscher,1971,11,
germanShorthairedPinscher,1970,11,
germanShorthairedPinscher,1969,11,
germanShorthairedPinscher,1968,11,
germanShorthairedPinscher,1967,11,
germanShorthairedPinscher,1966,11,
germanShorthairedPinscher,1965,11,
germanShorthairedPinscher,1964,11,
germanShorthairedPinscher,1963,11,
germanShorthairedPinscher,1962,11,
germanShorthairedPinscher,1961,11,
germanShorthairedPinscher,1960,11,
germanShorthairedPinscher,1959,11,
germanShorthairedPinscher,1958,11,
germanShorthairedPinscher,1957,11,
germanShorthairedPinscher,1956,11,
germanShorthairedPinscher,1955,11,
germanShorthairedPinscher,1954,11,
germanShorthairedPinscher,1953,11,
germanShorthairedPinscher,1952,11,
germanShorthairedPinscher,1951,11,
germanShorthairedPinscher,1950,11,
germanShorthairedPinscher,1949,11,
germanShorthairedPinscher,1948,11,
germanShorthairedPinscher,1947,11,
germanShorthairedPinscher,1946,11,
goldenRetriever,2019,3,
goldenRetriever,2018,3,
goldenRetriever,2017,3,
goldenRetriever,2016,3,
goldenRetriever,2015,3,
goldenRetriever,2014,3,
goldenRetriever,2013,3,
goldenRetriever,2012,4,
goldenRetriever,2011,4,
goldenRetriever,2010,5,
goldenRetriever,2009,4,
goldenRetriever,2008,4,
goldenRetriever,2007,4,
goldenRetriever,2006,4,
goldenRetriever,2005,2,
goldenRetriever,2004,2,
goldenRetriever,2003,2,
goldenRetriever,2002,2,
goldenRetriever,2001,2,
goldenRetriever,2000,2,
goldenRetriever,1999,2,
goldenRetriever,1998,2,
goldenRetriever,1997,4,
goldenRetriever,1996,4,
goldenRetriever,1995,4,
goldenRetriever,1994,4,
goldenRetriever,1993,5,
goldenRetriever,1992,6,
goldenRetriever,1991,6,
goldenRetriever,1990,4,
goldenRetriever,1989,4,
goldenRetriever,1988,4,
goldenRetriever,1987,4,
goldenRetriever,1986,4,
goldenRetriever,1985,5,
goldenRetriever,1984,5,
goldenRetriever,1983,6,
goldenRetriever,1982,6,
goldenRetriever,1981,6,
goldenRetriever,1980,6,
goldenRetriever,1979,6,
goldenRetriever,1978,7,
goldenRetriever,1977,10,
goldenRetriever,1976,10,
goldenRetriever,1975,11,
goldenRetriever,1974,11,
goldenRetriever,1973,11,
goldenRetriever,1972,11,
goldenRetriever,1971,11,
goldenRetriever,1970,11,
goldenRetriever,1969,11,
goldenRetriever,1968,11,
goldenRetriever,1967,11,
goldenRetriever,1966,11,
goldenRetriever,1965,11,
goldenRetriever,1964,11,
goldenRetriever,1963,11,
goldenRetriever,1962,11,
goldenRetriever,1961,11,
goldenRetriever,1960,11,
goldenRetriever,1959,11,
goldenRetriever,1958,11,
goldenRetriever,1957,11,
goldenRetriever,1956,11,
goldenRetriever,1955,11,
goldenRetriever,1954,11,
goldenRetriever,1953,11,
goldenRetriever,1952,11,
goldenRetriever,1951,11,
goldenRetriever,1950,11,
goldenRetriever,1949,11,
goldenRetriever,1948,11,
goldenRetriever,1947,11,
goldenRetriever,1946,11,
irishSetter,2019,11,
irishSetter,2018,11,
irishSetter,2017,11,
irishSetter,2016,11,
irishSetter,2015,11,
irishSetter,2014,11,
irishSetter,2013,11,
irishSetter,2012,11,
irishSetter,2011,11,
irishSetter,2010,11,
irishSetter,2009,11,
irishSetter,2008,11,
irishSetter,2007,11,
irishSetter,2006,11,
irishSetter,2005,11,
irishSetter,2004,11,
irishSetter,2003,11,
irishSetter,2002,11,
irishSetter,2001,11,
irishSetter,2000,11,
irishSetter,1999,11,
irishSetter,1998,11,
irishSetter,1997,11,
irishSetter,1996,11,
irishSetter,1995,11,
irishSetter,1994,11,
irishSetter,1993,11,
irishSetter,1992,11,
irishSetter,1991,11,
irishSetter,1990,11,
irishSetter,1989,11,
irishSetter,1988,11,
irishSetter,1987,11,
irishSetter,1986,11,
irishSetter,1985,11,
irishSetter,1984,11,
irishSetter,1983,11,
irishSetter,1982,11,
irishSetter,1981,11,
irishSetter,1980,11,
irishSetter,1979,11,
irishSetter,1978,10,
irishSetter,1977,5,
irishSetter,1976,4,
irishSetter,1975,3,
irishSetter,1974,3,
irishSetter,1973,3,
irishSetter,1972,5,
irishSetter,1971,7,
irishSetter,1970,11,
irishSetter,1969,11,
irishSetter,1968,11,
irishSetter,1967,11,
irishSetter,1966,11,
irishSetter,1965,11,
irishSetter,1964,11,
irishSetter,1963,11,
irishSetter,1962,11,
irishSetter,1961,11,
irishSetter,1960,11,
irishSetter,1959,11,
irishSetter,1958,11,
irishSetter,1957,11,
irishSetter,1956,11,
irishSetter,1955,11,
irishSetter,1954,11,
irishSetter,1953,11,
irishSetter,1952,11,
irishSetter,1951,11,
irishSetter,1950,11,
irishSetter,1949,11,
irishSetter,1948,11,
irishSetter,1947,11,
irishSetter,1946,11,
labradorRetriever,2019,1,
labradorRetriever,2018,1,
labradorRetriever,2017,1,
labradorRetriever,2016,1,
labradorRetriever,2015,1,
labradorRetriever,2014,1,
labradorRetriever,2013,1,
labradorRetriever,2012,1,
labradorRetriever,2011,1,
labradorRetriever,2010,1,
labradorRetriever,2009,1,
labradorRetriever,2008,1,
labradorRetriever,2007,1,
labradorRetriever,2006,1,
labradorRetriever,2005,1,
labradorRetriever,2004,1,
labradorRetriever,2003,1,
labradorRetriever,2002,1,
labradorRetriever,2001,1,
labradorRetriever,2000,1,
labradorRetriever,1999,1,
labradorRetriever,1998,1,
labradorRetriever,1997,1,
labradorRetriever,1996,1,
labradorRetriever,1995,1,
labradorRetriever,1994,1,
labradorRetriever,1993,1,
labradorRetriever,1992,1,
labradorRetriever,1991,1,
labradorRetriever,1990,2,
labradorRetriever,1989,2,
labradorRetriever,1988,2,
labradorRetriever,1987,3,
labradorRetriever,1986,3,
labradorRetriever,1985,3,
labradorRetriever,1984,3,
labradorRetriever,1983,3,
labradorRetriever,1982,4,
labradorRetriever,1981,5,
labradorRetriever,1980,5,
labradorRetriever,1979,5,
labradorRetriever,1978,5,
labradorRetriever,1977,6,
labradorRetriever,1976,7,
labradorRetriever,1975,9,
labradorRetriever,1974,8,
labradorRetriever,1973,9,
labradorRetriever,1972,8,
labradorRetriever,1971,8,
labradorRetriever,1970,10,
labradorRetriever,1969,9,
labradorRetriever,1968,9,
labradorRetriever,1967,11,
labradorRetriever,1966,11,
labradorRetriever,1965,11,
labradorRetriever,1964,11,
labradorRetriever,1963,11,
labradorRetriever,1962,11,
labradorRetriever,1961,11,
labradorRetriever,1960,11,
labradorRetriever,1959,11,
labradorRetriever,1958,11,
labradorRetriever,1957,11,
labradorRetriever,1956,11,
labradorRetriever,1955,11,
labradorRetriever,1954,11,
labradorRetriever,1953,11,
labradorRetriever,1952,11,
labradorRetriever,1951,11,
labradorRetriever,1950,11,
labradorRetriever,1949,11,
labradorRetriever,1948,11,
labradorRetriever,1947,11,
labradorRetriever,1946,11,
miniatureSchnauzer,2019,11,
miniatureSchnauzer,2018,11,
miniatureSchnauzer,2017,11,
miniatureSchnauzer,2016,11,
miniatureSchnauzer,2015,11,
miniatureSchnauzer,2014,11,
miniatureSchnauzer,2013,11,
miniatureSchnauzer,2012,11,
miniatureSchnauzer,2011,11,
miniatureSchnauzer,2010,11,
miniatureSchnauzer,2009,11,
miniatureSchnauzer,2008,11,
miniatureSchnauzer,2007,11,
miniatureSchnauzer,2006,10,
miniatureSchnauzer,2005,10,
miniatureSchnauzer,2004,11,
miniatureSchnauzer,2003,11,
miniatureSchnauzer,2002,11,
miniatureSchnauzer,2001,11,
miniatureSchnauzer,2000,11,
miniatureSchnauzer,1999,11,
miniatureSchnauzer,1998,11,
miniatureSchnauzer,1997,11,
miniatureSchnauzer,1996,11,
miniatureSchnauzer,1995,11,
miniatureSchnauzer,1994,11,
miniatureSchnauzer,1993,11,
miniatureSchnauzer,1992,11,
miniatureSchnauzer,1991,11,
miniatureSchnauzer,1990,10,
miniatureSchnauzer,1989,10,
miniatureSchnauzer,1988,10,
miniatureSchnauzer,1987,8,
miniatureSchnauzer,1986,8,
miniatureSchnauzer,1985,11,
miniatureSchnauzer,1984,8,
miniatureSchnauzer,1983,8,
miniatureSchnauzer,1982,7,
miniatureSchnauzer,1981,7,
miniatureSchnauzer,1980,8,
miniatureSchnauzer,1979,9,
miniatureSchnauzer,1978,9,
miniatureSchnauzer,1977,9,
miniatureSchnauzer,1976,9,
miniatureSchnauzer,1975,8,
miniatureSchnauzer,1974,7,
miniatureSchnauzer,1973,6,
miniatureSchnauzer,1972,6,
miniatureSchnauzer,1971,5,
miniatureSchnauzer,1970,5,
miniatureSchnauzer,1969,5,
miniatureSchnauzer,1968,6,
miniatureSchnauzer,1967,7,
miniatureSchnauzer,1966,8,
miniatureSchnauzer,1965,8,
miniatureSchnauzer,1964,11,
miniatureSchnauzer,1963,11,
miniatureSchnauzer,1962,11,
miniatureSchnauzer,1961,11,
miniatureSchnauzer,1960,11,
miniatureSchnauzer,1959,11,
miniatureSchnauzer,1958,11,
miniatureSchnauzer,1957,11,
miniatureSchnauzer,1956,11,
miniatureSchnauzer,1955,11,
miniatureSchnauzer,1954,11,
miniatureSchnauzer,1953,11,
miniatureSchnauzer,1952,11,
miniatureSchnauzer,1951,11,
miniatureSchnauzer,1950,11,
miniatureSchnauzer,1949,11,
miniatureSchnauzer,1948,11,
miniatureSchnauzer,1947,11,
miniatureSchnauzer,1946,11,
pekingese,2019,11,
pekingese,2018,11,
pekingese,2017,11,
pekingese,2016,11,
pekingese,2015,11,
pekingese,2014,11,
pekingese,2013,11,
pekingese,2012,11,
pekingese,2011,11,
pekingese,2010,11,
pekingese,2009,11,
pekingese,2008,11,
pekingese,2007,11,
pekingese,2006,11,
pekingese,2005,11,
pekingese,2004,11,
pekingese,2003,11,
pekingese,2002,11,
pekingese,2001,11,
pekingese,2000,11,
pekingese,1999,11,
pekingese,1998,11,
pekingese,1997,11,
pekingese,1996,11,
pekingese,1995,11,
pekingese,1994,11,
pekingese,1993,11,
pekingese,1992,11,
pekingese,1991,11,
pekingese,1990,11,
pekingese,1989,11,
pekingese,1988,11,
pekingese,1987,11,
pekingese,1986,11,
pekingese,1985,11,
pekingese,1984,11,
pekingese,1983,11,
pekingese,1982,11,
pekingese,1981,11,
pekingese,1980,11,
pekingese,1979,11,
pekingese,1978,11,
pekingese,1977,11,
pekingese,1976,11,
pekingese,1975,11,
pekingese,1974,11,
pekingese,1973,11,
pekingese,1972,11,
pekingese,1971,10,
pekingese,1970,8,
pekingese,1969,7,
pekingese,1968,7,
pekingese,1967,6,
pekingese,1966,6,
pekingese,1965,6,
pekingese,1964,6,
pekingese,1963,6,
pekingese,1962,6,
pekingese,1961,6,
pekingese,1960,6,
pekingese,1959,8,
pekingese,1958,9,
pekingese,1957,9,
pekingese,1956,10,
pekingese,1955,10,
pekingese,1954,10,
pekingese,1953,9,
pekingese,1952,9,
pekingese,1951,9,
pekingese,1950,8,
pekingese,1949,7,
pekingese,1948,7,
pekingese,1947,7,
pekingese,1946,7,
pembrokeWelshCorgi,2019,10,
pembrokeWelshCorgi,2018,11,
pembrokeWelshCorgi,2017,11,
pembrokeWelshCorgi,2016,11,
pembrokeWelshCorgi,2015,11,
pembrokeWelshCorgi,2014,11,
pembrokeWelshCorgi,2013,11,
pembrokeWelshCorgi,2012,11,
pembrokeWelshCorgi,2011,11,
pembrokeWelshCorgi,2010,11,
pembrokeWelshCorgi,2009,11,
pembrokeWelshCorgi,2008,11,
pembrokeWelshCorgi,2007,11,
pembrokeWelshCorgi,2006,11,
pembrokeWelshCorgi,2005,11,
pembrokeWelshCorgi,2004,11,
pembrokeWelshCorgi,2003,11,
pembrokeWelshCorgi,2002,11,
pembrokeWelshCorgi,2001,11,
pembrokeWelshCorgi,2000,11,
pembrokeWelshCorgi,1999,11,
pembrokeWelshCorgi,1998,11,
pembrokeWelshCorgi,1997,11,
pembrokeWelshCorgi,1996,11,
pembrokeWelshCorgi,1995,11,
pembrokeWelshCorgi,1994,11,
pembrokeWelshCorgi,1993,11,
pembrokeWelshCorgi,1992,11,
pembrokeWelshCorgi,1991,11,
pembrokeWelshCorgi,1990,11,
pembrokeWelshCorgi,1989,11,
pembrokeWelshCorgi,1988,11,
pembrokeWelshCorgi,1987,11,
pembrokeWelshCorgi,1986,11,
pembrokeWelshCorgi,1985,11,
pembrokeWelshCorgi,1984,11,
pembrokeWelshCorgi,1983,11,
pembrokeWelshCorgi,1982,11,
pembrokeWelshCorgi,1981,11,
pembrokeWelshCorgi,1980,11,
pembrokeWelshCorgi,1979,11,
pembrokeWelshCorgi,1978,11,
pembrokeWelshCorgi,1977,11,
pembrokeWelshCorgi,1976,11,
pembrokeWelshCorgi,1975,11,
pembrokeWelshCorgi,1974,11,
pembrokeWelshCorgi,1973,11,
pembrokeWelshCorgi,1972,11,
pembrokeWelshCorgi,1971,11,
pembrokeWelshCorgi,1970,11,
pembrokeWelshCorgi,1969,11,
pembrokeWelshCorgi,1968,11,
pembrokeWelshCorgi,1967,11,
pembrokeWelshCorgi,1966,11,
pembrokeWelshCorgi,1965,11,
pembrokeWelshCorgi,1964,11,
pembrokeWelshCorgi,1963,11,
pembrokeWelshCorgi,1962,11,
pembrokeWelshCorgi,1961,11,
pembrokeWelshCorgi,1960,11,
pembrokeWelshCorgi,1959,11,
pembrokeWelshCorgi,1958,11,
pembrokeWelshCorgi,1957,11,
pembrokeWelshCorgi,1956,11,
pembrokeWelshCorgi,1955,11,
pembrokeWelshCorgi,1954,11,
pembrokeWelshCorgi,1953,11,
pembrokeWelshCorgi,1952,11,
pembrokeWelshCorgi,1951,11,
pembrokeWelshCorgi,1950,11,
pembrokeWelshCorgi,1949,11,
pembrokeWelshCorgi,1948,11,
pembrokeWelshCorgi,1947,11,
pembrokeWelshCorgi,1946,11,
pomeranian,2019,11,
pomeranian,2018,11,
pomeranian,2017,11,
pomeranian,2016,11,
pomeranian,2015,11,
pomeranian,2014,11,
pomeranian,2013,11,
pomeranian,2012,11,
pomeranian,2011,11,
pomeranian,2010,11,
pomeranian,2009,11,
pomeranian,2008,11,
pomeranian,2007,11,
pomeranian,2006,11,
pomeranian,2005,11,
pomeranian,2004,11,
pomeranian,2003,11,
pomeranian,2002,11,
pomeranian,2001,11,
pomeranian,2000,11,
pomeranian,1999,11,
pomeranian,1998,10,
pomeranian,1997,10,
pomeranian,1996,10,
pomeranian,1995,9,
pomeranian,1994,10,
pomeranian,1993,11,
pomeranian,1992,11,
pomeranian,1991,11,
pomeranian,1990,11,
pomeranian,1989,11,
pomeranian,1988,11,
pomeranian,1987,11,
pomeranian,1986,11,
pomeranian,1985,11,
pomeranian,1984,11,
pomeranian,1983,11,
pomeranian,1982,11,
pomeranian,1981,11,
pomeranian,1980,11,
pomeranian,1979,11,
pomeranian,1978,11,
pomeranian,1977,11,
pomeranian,1976,11,
pomeranian,1975,11,
pomeranian,1974,11,
pomeranian,1973,11,
pomeranian,1972,11,
pomeranian,1971,11,
pomeranian,1970,11,
pomeranian,1969,11,
pomeranian,1968,11,
pomeranian,1967,11,
pomeranian,1966,11,
pomeranian,1965,10,
pomeranian,1964,9,
pomeranian,1963,9,
pomeranian,1962,9,
pomeranian,1961,9,
pomeranian,1960,11,
pomeranian,1959,11,
pomeranian,1958,11,
pomeranian,1957,11,
pomeranian,1956,11,
pomeranian,1955,11,
pomeranian,1954,11,
pomeranian,1953,11,
pomeranian,1952,10,
pomeranian,1951,10,
pomeranian,1950,10,
pomeranian,1949,10,
pomeranian,1948,11,
pomeranian,1947,10,
pomeranian,1946,10,
poodle,2019,6,
poodle,2018,11,
poodle,2017,7,
poodle,2016,7,
poodle,2015,8,
poodle,2014,7,
poodle,2013,8,
poodle,2012,8,
poodle,2011,8,
poodle,2010,9,
poodle,2009,9,
poodle,2008,9,
poodle,2007,8,
poodle,2006,8,
poodle,2005,8,
poodle,2004,8,
poodle,2003,8,
poodle,2002,8,
poodle,2001,7,
poodle,2000,6,
poodle,1999,6,
poodle,1998,7,
poodle,1997,5,
poodle,1996,6,
poodle,1995,6,
poodle,1994,5,
poodle,1993,6,
poodle,1992,5,
poodle,1991,3,
poodle,1990,3,
poodle,1989,3,
poodle,1988,3,
poodle,1987,2,
poodle,1986,2,
poodle,1985,2,
poodle,1984,2,
poodle,1983,2,
poodle,1982,1,
poodle,1981,1,
poodle,1980,1,
poodle,1979,1,
poodle,1978,1,
poodle,1977,1,
poodle,1976,1,
poodle,1975,1,
poodle,1974,1,
poodle,1973,1,
poodle,1972,1,
poodle,1971,1,
poodle,1970,1,
poodle,1969,1,
poodle,1968,1,
poodle,1967,1,
poodle,1966,1,
poodle,1965,1,
poodle,1964,1,
poodle,1963,1,
poodle,1962,1,
poodle,1961,1,
poodle,1960,1,
poodle,1959,2,
poodle,1958,3,
poodle,1957,5,
poodle,1956,7,
poodle,1955,8,
poodle,1954,9,
poodle,1953,10,
poodle,1952,11,
poodle,1951,11,
poodle,1950,11,
poodle,1949,11,
poodle,1948,11,
poodle,1947,11,
poodle,1946,11,
rottweiler,2019,8,
rottweiler,2018,7,
rottweiler,2017,8,
rottweiler,2016,8,
rottweiler,2015,9,
rottweiler,2014,10,
rottweiler,2013,9,
rottweiler,2012,10,
rottweiler,2011,10,
rottweiler,2010,11,
rottweiler,2009,11,
rottweiler,2008,11,
rottweiler,2007,11,
rottweiler,2006,11,
rottweiler,2005,11,
rottweiler,2004,11,
rottweiler,2003,11,
rottweiler,2002,11,
rottweiler,2001,11,
rottweiler,2000,11,
rottweiler,1999,8,
rottweiler,1998,4,
rottweiler,1997,2,
rottweiler,1996,2,
rottweiler,1995,2,
rottweiler,1994,2,
rottweiler,1993,2,
rottweiler,1992,2,
rottweiler,1991,4,
rottweiler,1990,5,
rottweiler,1989,6,
rottweiler,1988,7,
rottweiler,1987,11,
rottweiler,1986,11,
rottweiler,1985,11,
rottweiler,1984,11,
rottweiler,1983,11,
rottweiler,1982,11,
rottweiler,1981,11,
rottweiler,1980,11,
rottweiler,1979,11,
rottweiler,1978,11,
rottweiler,1977,11,
rottweiler,1976,11,
rottweiler,1975,11,
rottweiler,1974,11,
rottweiler,1973,11,
rottweiler,1972,11,
rottweiler,1971,11,
rottweiler,1970,11,
rottweiler,1969,11,
rottweiler,1968,11,
rottweiler,1967,11,
rottweiler,1966,11,
rottweiler,1965,11,
rottweiler,1964,11,
rottweiler,1963,11,
rottweiler,1962,11,
rottweiler,1961,11,
rottweiler,1960,11,
rottweiler,1959,11,
rottweiler,1958,11,
rottweiler,1957,11,
rottweiler,1956,11,
rottweiler,1955,11,
rottweiler,1954,11,
rottweiler,1953,11,
rottweiler,1952,11,
rottweiler,1951,11,
rottweiler,1950,11,
rottweiler,1949,11,
rottweiler,1948,11,
rottweiler,1947,11,
rottweiler,1946,11,
shetlandSheepDog,2019,11,
shetlandSheepDog,2018,11,
shetlandSheepDog,2017,11,
shetlandSheepDog,2016,11,
shetlandSheepDog,2015,11,
shetlandSheepDog,2014,11,
shetlandSheepDog,2013,11,
shetlandSheepDog,2012,11,
shetlandSheepDog,2011,11,
shetlandSheepDog,2010,11,
shetlandSheepDog,2009,11,
shetlandSheepDog,2008,11,
shetlandSheepDog,2007,11,
shetlandSheepDog,2006,11,
shetlandSheepDog,2005,11,
shetlandSheepDog,2004,11,
shetlandSheepDog,2003,11,
shetlandSheepDog,2002,11,
shetlandSheepDog,2001,11,
shetlandSheepDog,2000,11,
shetlandSheepDog,1999,11,
shetlandSheepDog,1998,11,
shetlandSheepDog,1997,11,
shetlandSheepDog,1996,11,
shetlandSheepDog,1995,11,
shetlandSheepDog,1994,11,
shetlandSheepDog,1993,10,
shetlandSheepDog,1992,9,
shetlandSheepDog,1991,10,
shetlandSheepDog,1990,11,
shetlandSheepDog,1989,11,
shetlandSheepDog,1988,11,
shetlandSheepDog,1987,10,
shetlandSheepDog,1986,10,
shetlandSheepDog,1985,10,
shetlandSheepDog,1984,9,
shetlandSheepDog,1983,10,
shetlandSheepDog,1982,10,
shetlandSheepDog,1981,10,
shetlandSheepDog,1980,10,
shetlandSheepDog,1979,10,
shetlandSheepDog,1978,11,
shetlandSheepDog,1977,11,
shetlandSheepDog,1976,11,
shetlandSheepDog,1975,11,
shetlandSheepDog,1974,11,
shetlandSheepDog,1973,11,
shetlandSheepDog,1972,11,
shetlandSheepDog,1971,11,
shetlandSheepDog,1970,11,
shetlandSheepDog,1969,11,
shetlandSheepDog,1968,11,
shetlandSheepDog,1967,11,
shetlandSheepDog,1966,11,
shetlandSheepDog,1965,11,
shetlandSheepDog,1964,11,
shetlandSheepDog,1963,11,
shetlandSheepDog,1962,11,
shetlandSheepDog,1961,11,
shetlandSheepDog,1960,11,
shetlandSheepDog,1959,11,
shetlandSheepDog,1958,11,
shetlandSheepDog,1957,11,
shetlandSheepDog,1956,11,
shetlandSheepDog,1955,11,
shetlandSheepDog,1954,11,
shetlandSheepDog,1953,11,
shetlandSheepDog,1952,11,
shetlandSheepDog,1951,11,
shetlandSheepDog,1950,11,
shetlandSheepDog,1949,11,
shetlandSheepDog,1948,11,
shetlandSheepDog,1947,11,
shetlandSheepDog,1946,11,
shihTzu,2019,11,
shihTzu,2018,11,
shihTzu,2017,11,
shihTzu,2016,11,
shihTzu,2015,11,
shihTzu,2014,11,
shihTzu,2013,11,
shihTzu,2012,11,
shihTzu,2011,11,
shihTzu,2010,10,
shihTzu,2009,10,
shihTzu,2008,10,
shihTzu,2007,9,
shihTzu,2006,9,
shihTzu,2005,9,
shihTzu,2004,9,
shihTzu,2003,9,
shihTzu,2002,10,
shihTzu,2001,10,
shihTzu,2000,10,
shihTzu,1999,11,
shihTzu,1998,11,
shihTzu,1997,11,
shihTzu,1996,11,
shihTzu,1995,11,
shihTzu,1994,11,
shihTzu,1993,11,
shihTzu,1992,11,
shihTzu,1991,11,
shihTzu,1990,11,
shihTzu,1989,11,
shihTzu,1988,11,
shihTzu,1987,11,
shihTzu,1986,11,
shihTzu,1985,11,
shihTzu,1984,11,
shihTzu,1983,11,
shihTzu,1982,11,
shihTzu,1981,11,
shihTzu,1980,11,
shihTzu,1979,11,
shihTzu,1978,11,
shihTzu,1977,11,
shihTzu,1976,11,
shihTzu,1975,11,
shihTzu,1974,11,
shihTzu,1973,11,
shihTzu,1972,11,
shihTzu,1971,11,
shihTzu,1970,11,
shihTzu,1969,11,
shihTzu,1968,11,
shihTzu,1967,11,
shihTzu,1966,11,
shihTzu,1965,11,
shihTzu,1964,11,
shihTzu,1963,11,
shihTzu,1962,11,
shihTzu,1961,11,
shihTzu,1960,11,
shihTzu,1959,11,
shihTzu,1958,11,
shihTzu,1957,11,
shihTzu,1956,11,
shihTzu,1955,11,
shihTzu,1954,11,
shihTzu,1953,11,
shihTzu,1952,11,
shihTzu,1951,11,
shihTzu,1950,11,
shihTzu,1949,11,
shihTzu,1948,11,
shihTzu,1947,11,
shihTzu,1946,11,
stBernard,2019,11,
stBernard,2018,11,
stBernard,2017,11,
stBernard,2016,11,
stBernard,2015,11,
stBernard,2014,11,
stBernard,2013,11,
stBernard,2012,11,
stBernard,2011,11,
stBernard,2010,11,
stBernard,2009,11,
stBernard,2008,11,
stBernard,2007,11,
stBernard,2006,11,
stBernard,2005,11,
stBernard,2004,11,
stBernard,2003,11,
stBernard,2002,11,
stBernard,2001,11,
stBernard,2000,11,
stBernard,1999,11,
stBernard,1998,11,
stBernard,1997,11,
stBernard,1996,11,
stBernard,1995,11,
stBernard,1994,11,
stBernard,1993,11,
stBernard,1992,11,
stBernard,1991,11,
stBernard,1990,11,
stBernard,1989,11,
stBernard,1988,11,
stBernard,1987,11,
stBernard,1986,11,
stBernard,1985,11,
stBernard,1984,11,
stBernard,1983,11,
stBernard,1982,11,
stBernard,1981,11,
stBernard,1980,11,
stBernard,1979,11,
stBernard,1978,11,
stBernard,1977,11,
stBernard,1976,11,
stBernard,1975,11,
stBernard,1974,10,
stBernard,1973,7,
stBernard,1972,7,
stBernard,1971,6,
stBernard,1970,7,
stBernard,1969,11,
stBernard,1968,11,
stBernard,1967,11,
stBernard,1966,11,
stBernard,1965,11,
stBernard,1964,11,
stBernard,1963,11,
stBernard,1962,11,
stBernard,1961,11,
stBernard,1960,11,
stBernard,1959,11,
stBernard,1958,11,
stBernard,1957,11,
stBernard,1956,11,
stBernard,1955,11,
stBernard,1954,11,
stBernard,1953,11,
stBernard,1952,11,
stBernard,1951,11,
stBernard,1950,11,
stBernard,1949,11,
stBernard,1948,11,
stBernard,1947,11,
stBernard,1946,11,
wireFoxTerrier,2019,11,
wireFoxTerrier,2018,11,
wireFoxTerrier,2017,11,
wireFoxTerrier,2016,11,
wireFoxTerrier,2015,11,
wireFoxTerrier,2014,11,
wireFoxTerrier,2013,11,
wireFoxTerrier,2012,11,
wireFoxTerrier,2011,11,
wireFoxTerrier,2010,11,
wireFoxTerrier,2009,11,
wireFoxTerrier,2008,11,
wireFoxTerrier,2007,11,
wireFoxTerrier,2006,11,
wireFoxTerrier,2005,11,
wireFoxTerrier,2004,11,
wireFoxTerrier,2003,11,
wireFoxTerrier,2002,11,
wireFoxTerrier,2001,11,
wireFoxTerrier,2000,11,
wireFoxTerrier,1999,11,
wireFoxTerrier,1998,11,
wireFoxTerrier,1997,11,
wireFoxTerrier,1996,11,
wireFoxTerrier,1995,11,
wireFoxTerrier,1994,11,
wireFoxTerrier,1993,11,
wireFoxTerrier,1992,11,
wireFoxTerrier,1991,11,
wireFoxTerrier,1990,11,
wireFoxTerrier,1989,11,
wireFoxTerrier,1988,11,
wireFoxTerrier,1987,11,
wireFoxTerrier,1986,11,
wireFoxTerrier,1985,11,
wireFoxTerrier,1984,11,
wireFoxTerrier,1983,11,
wireFoxTerrier,1982,11,
wireFoxTerrier,1981,11,
wireFoxTerrier,1980,11,
wireFoxTerrier,1979,11,
wireFoxTerrier,1978,11,
wireFoxTerrier,1977,11,
wireFoxTerrier,1976,11,
wireFoxTerrier,1975,11,
wireFoxTerrier,1974,11,
wireFoxTerrier,1973,11,
wireFoxTerrier,1972,11,
wireFoxTerrier,1971,11,
wireFoxTerrier,1970,11,
wireFoxTerrier,1969,11,
wireFoxTerrier,1968,11,
wireFoxTerrier,1967,11,
wireFoxTerrier,1966,11,
wireFoxTerrier,1965,11,
wireFoxTerrier,1964,11,
wireFoxTerrier,1963,11,
wireFoxTerrier,1962,11,
wireFoxTerrier,1961,11,
wireFoxTerrier,1960,11,
wireFoxTerrier,1959,11,
wireFoxTerrier,1958,11,
wireFoxTerrier,1957,11,
wireFoxTerrier,1956,11,
wireFoxTerrier,1955,11,
wireFoxTerrier,1954,11,
wireFoxTerrier,1953,11,
wireFoxTerrier,1952,11,
wireFoxTerrier,1951,11,
wireFoxTerrier,1950,11,
wireFoxTerrier,1949,11,
wireFoxTerrier,1948,11,
wireFoxTerrier,1947,9,
wireFoxTerrier,1946,9,
yorkshireTerrier,2019,11,
yorkshireTerrier,2018,9,
yorkshireTerrier,2017,9,
yorkshireTerrier,2016,9,
yorkshireTerrier,2015,7,
yorkshireTerrier,2014,6,
yorkshireTerrier,2013,6,
yorkshireTerrier,2012,5,
yorkshireTerrier,2011,5,
yorkshireTerrier,2010,3,
yorkshireTerrier,2009,3,
yorkshireTerrier,2008,2,
yorkshireTerrier,2007,2,
yorkshireTerrier,2006,2,
yorkshireTerrier,2005,3,
yorkshireTerrier,2004,5,
yorkshireTerrier,2003,6,
yorkshireTerrier,2002,6,
yorkshireTerrier,2001,6,
yorkshireTerrier,2000,7,
yorkshireTerrier,1999,9,
yorkshireTerrier,1998,9,
yorkshireTerrier,1997,9,
yorkshireTerrier,1996,9,
yorkshireTerrier,1995,10,
yorkshireTerrier,1994,11,
yorkshireTerrier,1993,11,
yorkshireTerrier,1992,11,
yorkshireTerrier,1991,11,
yorkshireTerrier,1990,11,
yorkshireTerrier,1989,11,
yorkshireTerrier,1988,11,
yorkshireTerrier,1987,11,
yorkshireTerrier,1986,11,
yorkshireTerrier,1985,11,
yorkshireTerrier,1984,11,
yorkshireTerrier,1983,11,
yorkshireTerrier,1982,11,
yorkshireTerrier,1981,11,
yorkshireTerrier,1980,11,
yorkshireTerrier,1979,11,
yorkshireTerrier,1978,11,
yorkshireTerrier,1977,11,
yorkshireTerrier,1976,11,
yorkshireTerrier,1975,11,
yorkshireTerrier,1974,11,
yorkshireTerrier,1973,11,
yorkshireTerrier,1972,11,
yorkshireTerrier,1971,11,
yorkshireTerrier,1970,11,
yorkshireTerrier,1969,11,
yorkshireTerrier,1968,11,
yorkshireTerrier,1967,11,
yorkshireTerrier,1966,11,
yorkshireTerrier,1965,11,
yorkshireTerrier,1964,11,
yorkshireTerrier,1963,11,
yorkshireTerrier,1962,11,
yorkshireTerrier,1961,11,
yorkshireTerrier,1960,11,
yorkshireTerrier,1959,11,
yorkshireTerrier,1958,11,
yorkshireTerrier,1957,11,
yorkshireTerrier,1956,11,
yorkshireTerrier,1955,11,
yorkshireTerrier,1954,11,
yorkshireTerrier,1953,11,
yorkshireTerrier,1952,11,
yorkshireTerrier,1951,11,
yorkshireTerrier,1950,11,
yorkshireTerrier,1949,11,
yorkshireTerrier,1948,11,
yorkshireTerrier,1947,11,
yorkshireTerrier,1946,11,